{
  "patch_auroc": {
    "baseline": 0.1867335377232738,
    "fusion": 0.8156824846707544
  },
  "patch_auroc_ci": {
    "baseline": [0.12971218045746893, 0.24295257970118472],
    "fusion": [0.7590882352941177, 0.8716600004034499]
  },
  "delta_auc": {
    "mean": 0.6305827884950386,
    "ci": [0.5190911468529006, 0.7411158595268438],
    "approx_p": 0.0
  },
  "mcnemar": {
    "b_base_wrong_fuse_right": 110,
    "c_base_right_fuse_wrong": 39,
    "chi2": 32.88590604026824,
    "p": 9.772922471285028e-9,
    "sens_target": 0.9
  }
}
